{"model_name": "../resultados/runs_ploss_final/gnn/uru/10-04_21:17:27", "val_loss": 2.1055550287509788, "unfeasibles_val": 0.007028926736955934, "ploss_val": 27.489646255342247, "ac_flow_error_val": 0.0, "ploss_pred_val": 0.0, "unfeasibles_train": 0.0670585261028947, "ploss_train": 27.734231632046782, "ac_flow_error_train": 0.0, "ploss_pred_train": 0.0, "time": 5252.958273410797, "gaps_mean_val": 1.4381642376219743, "gaps_max_val": 4.307930263051479, "gaps_mean_train": 15.815524437785427, "gaps_max_train": 80.78225892861073}