{"model_name": "../resultados/runs_ploss/gnn/uru/09-17_13:30:01", "val_loss": 0.6113436667826669, "unfeasibles_val": 0.010273046769397134, "ploss_val": 27.357522708101566, "ac_flow_error_val": 0.07924024023693697, "ploss_pred_val": 0.14386854765551357, "unfeasibles_train": 0.059916571861964356, "ploss_train": 27.484503942511125, "ac_flow_error_train": 0.07274190303318662, "ploss_pred_train": 0.14925713212623876, "time": 12486.814031362534}