{"model_name": "../resultados/runs_ploss_final/gnn/uru/09-30_02:20:08", "val_loss": 218.216552734375, "unfeasibles_val": 0.04001081373344147, "ploss_val": 27.40227689070866, "ac_flow_error_val": 0.0, "ploss_pred_val": 0.0, "unfeasibles_train": 0.06301352547086335, "ploss_train": 27.552579781047843, "ac_flow_error_train": 0.0, "ploss_pred_train": 0.0, "time": 5260.142247200012, "gaps_mean_val": 3.606995266996026, "gaps_max_val": 11.480588022016004, "gaps_mean_train": 6.288407375907708, "gaps_max_train": 40.203185941355265}